class,Alpha helix frequency,Aromatic,Beta structure frequency,Bulkiness ,Coil propensity,Charge,Disorder propensity,Flexibility,"Flexibility (Vihinen, 1994)",Hydrophobicity,Hydrophobicity2,Interface propensity,Linker propensity,Polarity ,Size,Surface exposure (Janin),Solvation potential
K,1.23,0,0.81,15.71,0.84,1,1.102,-1.5,-1.5,-3.9,-0.99,-0.36,0.944,49.5,7,-1.8,1.61
E,1.54,0,0.33,13.57,0.75,-1,1.094,-0.74,-0.74,-3.5,-0.64,-0.13,1.051,49.9,5,-0.7,0.77
D,1,0,0.9,11.68,1.04,-1,1.068,-0.9,-0.9,-3.5,-0.77,-0.38,0.916,49.7,2.5,-0.6,0.64
P,0.7,0,0.75,17.43,1.43,0,1.049,0.12,0.12,-1.6,0.72,-0.25,1.299,1.58,5.5,-0.3,0.19
N,0.77,0,0.72,12.82,1.38,0,1.048,-0.78,-0.78,-3.5,-0.6,0.12,0.944,3.38,5,-0.5,0.22
S,0.78,0,0.77,9.47,1.34,0,1.046,-0.18,-0.18,-0.8,-0.04,-0.33,0.947,1.67,3,-0.1,0.15
Q,1.1,0,1.18,14.45,0.81,0,1.037,-0.85,-0.85,-3.5,-0.22,-0.11,1.047,3.53,6,-0.7,0.45
G,0.72,0,0.9,3.4,1.35,0,1.031,0.48,0.48,-0.4,0,-0.07,0.835,0,0.5,0.3,0.08
R,0.83,0,0.67,14.28,1.33,1,1.008,-2.53,-2.53,-4.5,-1.01,0.27,1.143,52,7.5,-1.4,0.41
T,0.87,0,1.23,15.77,1.03,0,0.997,-0.05,-0.05,-0.7,0.26,-0.18,1.017,1.66,5,-0.2,0.16
A,1.29,0,0.96,11.5,0.72,0,0.984,0.62,0.62,1.8,0.31,-0.17,0.964,0,2.5,0.3,0.05
M,1.23,0,1.29,16.25,0.62,0,0.952,0.64,0.64,1.9,1.23,0.66,1.032,1.43,6,0.4,-0.4
H,1.29,0,0.87,13.69,0.76,1,0.95,-0.4,-0.4,-3.2,0.13,0.41,1.014,51.6,6,-0.1,-0.06
L,1.23,0,1.26,21.4,0.63,0,0.935,1.06,1.06,3.8,1.7,0.4,1.085,0.13,5.5,0.5,-0.49
V,0.97,0,1.41,21.57,0.83,0,0.931,1.08,1.08,4.2,1.22,0.27,0.955,0.13,5,0.6,-0.31
Y,0.63,1,1.07,18.03,1.35,0,0.929,0.26,0.26,-1.3,0.96,0.66,1,1.61,7,-0.4,-0.32
I,0.94,0,1.54,21.4,0.8,0,0.927,1.38,1.38,4.5,1.8,0.44,0.922,0.13,5.5,0.7,-0.49
F,1.23,1,1.37,19.8,0.58,0,0.915,1.19,1.19,2.8,1.79,0.82,1.119,0.35,6.5,0.5,-0.55
C,0.94,0,1.13,13.46,1.01,0,0.906,0.29,0.29,2.5,1.54,0.43,0.778,1.48,3,0.9,-0.3
W,1.06,1,1.13,21.67,0.87,0,0.904,0.81,0.81,-0.9,2.25,0.83,0.895,2.1,7,0.3,-0.68
