,mean,std
Disorder_3:  Mirror K-mer : CAADD,0.3988888888888889,0.3822231257104299
ofer13:  Mirror K-mer : NQ,0.2798083398083398,0.38623621586384427
"('Secondary Str', 'Distribution3075')",72.0213991193991,4.810280998295129
SecondaryStr_3:  Mirror K-mer : DADAD,0.3502719502719503,0.44604614682820504
Disorder_3:  Mirror K-mer : ACCCC,1.20015022015022,1.2150512008073362
Disorder_3:  Mirror K-mer : CACAD,0.7417560217560217,0.5353420056204623
"('Secondary Str', 'Distribution3050')",47.719648018648016,4.703124790860783
gg_4 aaScale - Window size:16 MAXIMUM ,1.4894941885264465,0.22086325716775165
ofer13:  Mirror K-mer : KK,1.0470888370888372,1.041936052629775
SolventA_3:  Mirror K-mer : AAAAA,2.337011137011137,2.5158231660180665
SecondaryStr_3:  Mirror K-mer : CADAD,0.7772701372701373,0.5168187176936564
gg_11 aaScale - Window size:7 Average-Trimmed MAX,-0.36906773194921844,0.2853400378176326
ofer13:  Mirror K-mer : NW,0.07577570577570578,0.17182130071301005
Mutability aaScale - Window size:7 Trimmed Average,77.48215388017145,2.7405126289560426
hp aaScale - Window size:16 Average-Trimmed MAX,-0.4112292001235417,0.31205095406395006
"('Polarizability', 'Distribution2100')",99.48935042735042,0.706352271122138
"('Disorder Propensity', 'Distribution2075')",74.50041543641544,3.4382969247085593
ofer13:  Mirror K-mer : IP,2.3046775446775447,1.0378005705470068
Disorder_3:  Mirror K-mer : CADAC,0.42399378399378396,0.38434255036953335
"('Polarity', 'Composition:3')",0.3335034965034965,0.05054940629490089
SecondaryStr_3:  Mirror K-mer : ADDDC,0.4774695674695674,0.44736634065858694
SecondaryStr_3:  Mirror K-mer : CADDC,0.6035120435120435,0.5188026321433569
SecondaryStr_3:  Mirror K-mer : AAAAA,2.446112406112406,1.9403160578512157
Disorder_3:  Mirror K-mer : AAACD,1.3261849261849261,0.7100258637986843
"('Normalized VDWV', 'Distribution1025')",24.221999481999482,3.437172300369764
ofer_w8: N Entropy,2.892262220769442,0.3957256090351728
SecondaryStr_3:  Mirror K-mer : ACCAC,0.7147474747474747,0.5890460593037871
SolventA_3:  Mirror K-mer : AAHDA,1.1865967365967365,0.6700769188778759
"('Hydrophobicity', 'Distribution1100')",99.34684175084173,1.7417708373702983
SolventA_3:  Mirror K-mer : AAADA,2.7243771043771043,1.3127878628279606
SecondaryStr_3:  Mirror K-mer : CCDDC,0.34439264439264433,0.41308370935282124
ofer13:  Mirror K-mer : CD,0.4118622118622119,0.4311313699381039
"('Normalized VDWV', 'Transitions:23')",0.1682825692825693,0.03764547442737489
SolventA_3:  Mirror K-mer : AAHAH,1.020888370888371,0.7285764082932803
SolventA_3:  Mirror K-mer : DADDD,1.0075135975135976,0.8011501914438307
"('Disorder Propensity', 'Distribution3025')",21.489336441336444,5.849783383136499
SolventA_3:  Mirror K-mer : AAAHA,2.056166796166796,1.3547570669052722
gg_11 aaScale - Window size:16 Average-Trimmed MIN,-0.8582983536376968,0.3012862687887572
"('Normalized VDWV', 'Transitions:13')",0.17133721833721832,0.03221011591718247
Disorder_3:  Mirror K-mer : CAACD,1.038181818181818,0.6133079612762558
"('Charge', 'Transitions:23')",0.19315902615902616,0.04336113613472501
gg_6 aaScale - Window size:16 Trimmed Average,0.04875961154197396,0.20941049347467436
gg_9 aaScale - Window size:16 MAXIMUM ,0.44931743834969645,0.15798933648520602
"('Secondary Str', 'Composition:3')",0.27482543382543384,0.03676573584739587
Disorder_3:  Mirror K-mer : CCACD,0.7607692307692308,0.5058825710595208
Disorder_3:  Mirror K-mer : ADCAD,0.4274980574980575,0.3969914151366
SecondaryStr_3:  Mirror K-mer : ACDCA,0.34638694638694634,0.34614467376052255
Disorder_3:  Mirror K-mer : ACDAC,0.9330406630406631,0.567101186898136
"('Disorder Propensity', 'Distribution1001')",1.0037207977207978,0.5892629778265578
Disorder_3:  Mirror K-mer : ACCAD,0.9852602952602951,0.6318146563757486
disordered_window_0,0.5384615384615384,0.4985185152621431
ofer13:  Mirror K-mer : CQ,0.12467236467236466,0.22506386934367034
ofer13:  Mirror K-mer : NS,0.7987075887075886,0.7544806761049697
Disorder_3:  Mirror K-mer : ADAAD,0.447982387982388,0.5229283153548296
disordered_window_4,0.3017353017353017,0.4590110123101712
Aromaticity,0.07331779331779333,0.025426682933964526
ofer_w8: C Entropy,4.577411210694948,0.5606439418750352
Potential N-Glycosylation Sites:Frequency,0.3999067599067599,0.45253310651543077
SubSequence(segment-1)  aaScale:4sa Average,0.9943979184443471,0.044712480732795115
SecondaryStr_3:  Mirror K-mer : CCDDD,0.37728049728049723,0.40431179203725875
SubSequence(segment-0)  aaScale:4Atch_5 Maximum,2.545140425562961,0.21198089057393632
SubSequence(segment-0)  aaScale:4Atch_4 Maximum,1.4080749550397438,0.11963910083248971
Disorder_3:  Mirror K-mer : CACCD,0.658029008029008,0.5081926323297955
hp2: CCACA,1.4901217301217302,0.7834262278213863
ofer13:  Mirror K-mer : GN,0.5917378917378917,0.5446909449619602
Binary AutoCorrellation (C):  Lag:5,0.0032427982946543438,0.0028696986855479235
Disorder_3:  Mirror K-mer : AACAD,1.2495182595182595,0.6576703612423511
"('Secondary Str', 'Distribution1025')",23.561796943796942,3.2601205775971596
Disorder_3:  Mirror K-mer : ADCCD,0.30789691789691787,0.3995585244956052
polarizability aaScale - Window size:7 MAXIMUM ,0.17638457838457836,0.009753042346959164
Disorder_3:  Mirror K-mer : ACCCA,1.1135275835275835,0.6464391645394741
SecondaryStr_3:  Mirror K-mer : ADCCD,0.6473815073815073,0.5496914976275383
SecondaryStr_3:  Mirror K-mer : AADAA,1.1715281015281016,0.6986702847897722
ofer13:  Mirror K-mer : CI,0.5192566692566692,0.6101482207142866
ofer13:  Mirror K-mer : DQ,1.0524112924112923,0.7310843969468348
"('Charge', 'Distribution2050')",48.83396555296555,1.8829779211246649
SolventA_3:  Mirror K-mer : AHDAD,0.8011577311577311,0.55070281317013
SolventA_3:  Mirror K-mer : HDHHH,0.2208003108003108,0.3710629387192527
gg_1 aaScale - Window size:7 Average-Trimmed MIN,-1.2059342774183837,0.2650585238262185
"Binary AutoCorrellation (K,R):  Lag:2",0.0238741625392169,0.010647108587068816
gg_10 aaScale - Window size:7 Average-Trimmed MIN,-1.0683922926995912,0.17326028158746168
SecondaryStr_3:  Mirror K-mer : ADCDC,0.5303988603988604,0.43922590478014467
ofer13:  Mirror K-mer : PQ,0.3475291375291375,0.43822841177734717
SubSequence(segment-0)  aaScale:4hp Maximum,3.4084603711364276,0.518603173686307
"('Polarity', 'Distribution3025')",26.24152059052059,3.8786391206230326
"('Secondary Str', 'Distribution2075')",74.4561484071484,4.5044942358881706
SubSequence(segment-1)  aaScale:4Atch_5 Maximum,2.545140425562961,0.21198089057393632
gg_2 aaScale - Window size:7 Average-Trimmed MAX,-0.13190043713149696,0.2267214826674184
SubSequence(segment-0)  aaScale:4sa Maximum,1.38137055641281,0.06356605978992935
Disorder_3:  Mirror K-mer : CACDD,0.2734990934990935,0.3241055379059851
Disorder_3:  Mirror K-mer : ACDCD,0.35596736596736595,0.3832295430207641
hp2: AAAAC,6.228860398860399,1.1651424370725818
ofer_w8: Total Entropy,2.8657838374993108,0.06356403254131908
"('Polarizability', 'Distribution3075')",75.52022481222481,4.87248541446593
"('Normalized VDWV', 'Distribution3075')",75.52022481222481,4.87248541446593
Disorder_3:  Mirror K-mer : ADAAC,1.3315954415954416,0.773874394104262
Aliphaticness,91.71958431280315,12.984213678136308
gg_7 aaScale - Window size:7 Average-Trimmed MAX,-0.3856818062816554,0.21363654076497013
SecondaryStr_3:  Mirror K-mer : AAACC,1.227176897176897,0.6915910412928938
ofer13:  Mirror K-mer : HQ,0.18993783993783991,0.28287585219470096
"('Hydrophobicity', 'Distribution3075')",74.0591181041181,3.8824965464023524
ofer13:  Mirror K-mer : KS,2.221854441854442,1.241912508027649
SecondaryStr_3:  Mirror K-mer : ACDDA,0.8603781403781404,0.5357740016684069
"('Disorder Propensity', 'Composition:2')",0.3574200984200984,0.051568856462412264
"('Charge', 'Distribution1075')",74.1000328930329,8.257296739953704
Disorder_3:  Mirror K-mer : DAACD,0.4398963998963999,0.40579879834678423
"('Polarity', 'Distribution2075')",70.68134524734525,5.576285988006978
SubSequence(segment-1)  aaScale:4Atch_3 Minimum,0.7974970999266775,0.1249750745268045
SecondaryStr_3:  Mirror K-mer : DADDD,0.47611240611240613,0.7212337172560317
Disorder_3:  Mirror K-mer : ACADC,0.8609116809116809,0.5479962300405129
PI,6.085928515928516,1.7340305659635975
ofer_w8: AA: C Frequency,4.465676767676768,1.612704414089109
SecondaryStr_3:  Mirror K-mer : AACAC,1.2001683501683502,0.7137555465320247
SolventA_3:  Mirror K-mer : DHHHH,0.2367754467754468,0.38288790522821137
"('Solvent Accessibility', 'Distribution3075')",72.12687619787619,4.983571813042794
SecondaryStr_3:  Mirror K-mer : AACDD,0.8681429681429681,0.5404828639816965
Binary AutoCorrellation (C):  Lag:6,0.003016568890624267,0.00247015014082907
SolventA_3:  Mirror K-mer : DDHDH,0.28589225589225586,0.36218045644388636
hp2: AACCC,1.6347008547008546,0.7506702831423749
SolventA_3:  Mirror K-mer : AHHAH,0.5688034188034188,0.5634923366989877
hp aaScale - Window size:7 Average-Trimmed MIN,-1.6955658204074806,0.32322282789703627
"('Disorder Propensity', 'Distribution2025')",25.092782439782443,3.823952565720028
ofer13:  Mirror K-mer : AP,0.6328697228697229,0.7034595392445891
"('Hydrophobicity', 'Composition:2')",0.37100259000259006,0.04977319701067025
"('Normalized VDWV', 'Composition:2')",0.38141673141673144,0.04461348142056019
SolventA_3:  Mirror K-mer : ADADD,1.1736985236985236,0.7240390008615596
SolventA_3:  Mirror K-mer : AADAD,1.7364750064750067,0.9336733098246534
"('Charge', 'Distribution1025')",21.48493265993266,7.517960315675962
SecondaryStr_3:  Mirror K-mer : CACCD,0.5466433566433566,0.44187467002518654
ja aaScale - Window size:16 Average-Trimmed MIN,-0.3430041409362454,0.0962548175115325
SecondaryStr_3:  Mirror K-mer : CADCC,0.6402434602434602,0.4778207921803723
hp2: CAACC,2.422688422688423,0.9791939522951884
hp aaScale - Window size:7 Average-Trimmed MAX,-0.5531806032403275,0.3096921420041163
ofer13:  Mirror K-mer : CP,0.10168868168868168,0.2439026929853986
gg_3 aaScale - Window size:16 Trimmed Average,-0.25959296866326964,0.23831521656436966
SecondaryStr_3:  Mirror K-mer : ACACA,0.5715177415177416,0.4842652126426025
AA: L Frequency,10.465568764568765,2.5132586094280125
SecondaryStr_3:  Mirror K-mer : CCDAD,0.5354985754985755,0.4606931382557031
SolventA_3:  Mirror K-mer : DDHHH,0.27710437710437713,0.3392744925331291
ja aaScale - Window size:7 Trimmed Average,-0.10646348146185265,0.07734198427333681
SecondaryStr_3:  Mirror K-mer : ADDAC,0.7611836311836313,0.5712973849925485
Disorder_3:  Mirror K-mer : AACCC,1.975843045843046,1.0225616958804196
SolventA_3:  Mirror K-mer : DHAHH,0.36744884744884737,0.4378737597305857
SecondaryStr_3:  Mirror K-mer : ADADD,0.7373063973063972,0.549388109754006
SolventA_3:  Mirror K-mer : DHDAH,0.4412483812483812,0.4003977505733216
P Entropy,4.632288439085574,0.6361928959017051
Disorder_3:  Mirror K-mer : AAADD,0.46995078995078987,0.4485324109355947
"('Polarity', 'Distribution2001')",1.4373400673400674,1.2162903981712807
ofer13:  Mirror K-mer : AI,4.428319088319088,1.9154864574115684
gg_3 aaScale - Window size:16 MINIMUM ,-1.5732551071260752,0.3413158785273591
SolventA_3:  Mirror K-mer : AAADD,1.5899999999999999,0.8590310943932247
SolventA_3:  Mirror K-mer : HADHH,0.34583009583009583,0.3695908209276535
SecondaryStr_3:  Mirror K-mer : ADDAD,0.745032375032375,0.6799785028202162
SolventA_3:  Mirror K-mer : ADDHA,0.8525407925407925,0.5374247144531447
hp2: ACAAA,6.163214193214194,1.2874695865340826
"('Secondary Str', 'Distribution2050')",49.21723310023311,4.365043961741139
SolventA_3:  Mirror K-mer : AHAHA,0.5908728308728308,0.5091121407530971
gg_10 aaScale - Window size:16 MINIMUM ,-1.2339446868479125,0.24059021716600124
"('Hydrophobicity', 'Distribution2025')",23.587809634809634,3.793706434277019
Disorder_3:  Mirror K-mer : CDCAD,0.3003056203056203,0.33283678609289624
Disorder_3:  Mirror K-mer : CDACD,0.3471121471121471,0.3593084167071182
R Entropy,4.402482008157585,0.7159529973868042
SecondaryStr_3:  Mirror K-mer : AAACA,2.456886816886817,1.1616045779118596
SecondaryStr_3:  Mirror K-mer : ACADD,0.8884226884226883,0.5560388482560161
gg_1 aaScale - Window size:16 MAXIMUM ,0.3534759596049919,0.2656741625558519
SolventA_3:  Mirror K-mer : DAHDH,0.4545765345765346,0.4298332837378537
gg_8 aaScale - Window size:16 Average-Trimmed MIN,-0.8618032238512615,0.2456750655667512
Disorder_3:  Mirror K-mer : ADCDC,0.4027013727013727,0.4142021362284789
gg_6 aaScale - Window size:16 Average-Trimmed MAX,-0.14701294496802947,0.19812173848348172
SecondaryStr_3:  Mirror K-mer : ACDCD,0.5483967883967884,0.46426894744402314
gg_6 aaScale - Window size:16 Average-Trimmed MIN,-0.7405043018609795,0.20528634225895437
SecondaryStr_3:  Mirror K-mer : ADCAC,0.8705982905982906,0.5732384405734037
"('Secondary Str', 'Distribution1001')",0.34819450919450917,0.1186087800934392
gg_5 aaScale - Window size:16 Trimmed Average,0.01973053265760006,0.18695127090038519
SecondaryStr_3:  Mirror K-mer : CDCCD,0.36893809893809887,0.4585272659444758
"('Solvent Accessibility', 'Distribution1025')",24.23809634809635,2.7198006848639817
Disorder_3:  Mirror K-mer : DAADD,0.17225071225071226,0.29287478344007184
Disorder_3:  Mirror K-mer : CCDDC,0.22287490287490286,0.3254270951296453
gg_3 aaScale - Window size:16 Average-Trimmed MIN,-1.0004127008904027,0.2641679686477652
ASAInTripeptide aaScale - Window size:16 Average-Trimmed MAX,156.30379387226878,4.737743958924565
AA: Y Frequency,2.8245698005698006,1.2368620225778213
"('Solvent Accessibility', 'Distribution2100')",99.34684175084173,1.7417708373702983
ofer13:  Mirror K-mer : DK,2.7883423983423983,1.3412337607097036
"('Disorder Propensity', 'Distribution3001')",0.36182517482517484,0.29219176973559524
gg_6 aaScale - Window size:16 MAXIMUM ,0.6136020636020636,0.26430496613836785
SecondaryStr_3:  Mirror K-mer : CADAC,0.3924397824397824,0.37529966176035284
SecondaryStr_3:  Mirror K-mer : ACCDA,0.8640818440818441,0.5274128137709864
SolventA_3:  Mirror K-mer : AAADH,1.2173374773374772,0.682223126263362
"('Disorder Propensity', 'Distribution3050')",46.73729733229734,7.3086965621881355
SecondaryStr_3:  Mirror K-mer : ACCCC,0.4403418803418803,0.5314692434915735
gg_5 aaScale - Window size:16 MINIMUM ,-1.7222343322343325,0.5666850655163299
ja aaScale - Window size:7 Average-Trimmed MIN,-0.46903679498096984,0.09627778194554201
C Entropy,5.770515356621975,1.5430666578435217
SolventA_3:  Mirror K-mer : DDDHD,0.38551929551929554,0.46211496606112556
ja aaScale - Window size:16 Trimmed Average,-0.10784422810012137,0.07673523669213975
Disorder_3:  Mirror K-mer : AAADA,1.4383527583527582,0.9654639684205434
Volume aaScale - Window size:16 Trimmed Average,81.9236252829405,2.708903503237054
ofer13:  Mirror K-mer : AQ,0.656076146076146,0.5767901996156968
gg_9 aaScale - Window size:7 Trimmed Average,0.052348354582122746,0.1426056295422271
SolventA_3:  Mirror K-mer : HDDDH,0.15846671846671845,0.2446805331828709
Disorder_3:  Mirror K-mer : AACDD,0.43727531727531727,0.4106118694260811
"('Polarizability', 'Distribution1100')",99.15698523698524,1.129589560653702
Disorder_3:  Mirror K-mer : AADCD,0.48090391090391094,0.4549127342595397
hp aaScale - Window size:7 Trimmed Average,-0.17682887313567872,0.3191869131581932
gg_11 aaScale - Window size:7 MAXIMUM ,0.5867865467865468,0.3561934877318392
AA: R Frequency,5.241669256669256,2.302866404491072
ofer13:  Mirror K-mer : HN,0.16674177674177673,0.26166106752501384
SecondaryStr_3:  Mirror K-mer : ADDDA,0.3658767158767159,0.39857300411026303
SecondaryStr_3:  Mirror K-mer : CDCAD,0.4663973063973063,0.4441053056892106
Disorder_3:  Mirror K-mer : ACADD,0.37610463610463607,0.3765307404856808
SubSequence(segment-1)  aaScale:4Atch_2 Average,0.8649663047480496,0.06463139644032542
SolventA_3:  Mirror K-mer : HAHAH,0.30696710696710694,0.3863752434549582
Disorder_3:  Mirror K-mer : CCAAD,0.9348562548562549,0.5623457560479174
gg_4 aaScale - Window size:7 MAXIMUM ,1.703022163022163,0.22887504172273943
SolventA_3:  Mirror K-mer : DDADD,0.5857031857031856,0.5539413103897711
"('Hydrophobicity', 'Distribution1025')",26.28391375291375,4.068758363956171
gg_11 aaScale - Window size:16 MINIMUM ,-1.4778416539706862,0.38336573894323944
D Entropy,4.196321085775171,0.5218836885100822
ja aaScale - Window size:7 MAXIMUM ,0.10201280201280202,0.07676583473293877
Disorder_3:  Mirror K-mer : CCDCD,0.2765242165242165,0.3268548983500708
ofer13:  Mirror K-mer : GH,0.31682983682983684,0.3809931259632994
Disorder_3:  Mirror K-mer : ACACC,1.9408728308728311,0.9386910489654803
Volume aaScale - Window size:7 Average-Trimmed MIN,69.66361343141195,3.234418134461415
SecondaryStr_3:  Mirror K-mer : ADCDA,0.3606759906759907,0.3642667577851892
SecondaryStr_3:  Mirror K-mer : CAAAC,0.6275084175084175,0.4801201586460023
SecondaryStr_3:  Mirror K-mer : CDDDC,0.21322455322455322,0.2778259263534365
hp aaScale - Window size:7 MAXIMUM ,0.7654234654234655,0.3510142576759452
Total Entropy,4.037201968214145,0.10001045029659406
ofer13:  Mirror K-mer : AG,1.2767184667184668,0.9514399619987022
SolventA_3:  Mirror K-mer : ADHDH,0.37866614866614867,0.40933475530101304
SolventA_3:  Mirror K-mer : DAADD,1.5394017094017092,0.9652987290732102
gg_3 aaScale - Window size:16 MAXIMUM ,0.19611033998130775,0.2452712443873332
"('Normalized VDWV', 'Distribution2075')",74.26866226366228,3.4374465214490484
SolventA_3:  Mirror K-mer : DAAAD,1.0204636104636104,0.6344371581772779
hp2: ACACA,3.3903289303289306,1.1654060102282435
gg_11 aaScale - Window size:7 MINIMUM ,-2.232703962703963,0.4803939347778433
Net Charge-PH: 8.1,-10.255953574962666,11.747940447243538
"('Normalized VDWV', 'Transitions:12')",0.29946645946645944,0.04012856477729366
Disorder_3:  Mirror K-mer : DCDDD,0.051059311059311066,0.14076636308568444
ofer13:  Mirror K-mer : DN,0.8988862988862989,0.7257727104383968
SolventA_3:  Mirror K-mer : ADAHA,1.7943900543900544,1.0832232074296793
Disorder_3:  Mirror K-mer : ACDDD,0.16260554260554258,0.2750893938862315
SolventA_3:  Mirror K-mer : HADDH,0.5325770525770525,0.44507749931965424
polarizability aaScale - Window size:7 Average-Trimmed MIN,0.10599250212647865,0.010811479418142523
gg_3 aaScale - Window size:7 Average-Trimmed MIN,-1.3491233190002412,0.26849178235966664
W Entropy,5.457429266337401,2.9138150076443283
"('Charge', 'Transitions:12')",0.15973115773115773,0.035925737606420614
SolventA_3:  Mirror K-mer : AHDDH,0.4252033152033152,0.47516241730306513
"('Disorder Propensity', 'Distribution1050')",49.96866977466977,3.0130505053564036
"('Polarizability', 'Distribution3100')",99.02741388241388,1.4968728365114685
SecondaryStr_3:  Mirror K-mer : DAACD,0.7708443408443407,0.49193860032816916
gg_1 aaScale - Window size:16 Average-Trimmed MAX,-0.24675665081849424,0.239886300148991
SecondaryStr_3:  Mirror K-mer : CCCAD,0.5147422947422947,0.473171576972252
polarizability aaScale - Window size:16 MINIMUM ,0.09675332652752008,0.013797556793916648
SubSequence(segment-0)  aaScale:4Atch_4 Average,0.806200296435008,0.08056004129169456
Disorder_3:  Mirror K-mer : CCCCD,0.4146723646723647,0.5366707713726511
Disorder_3:  Mirror K-mer : AADAC,1.0783812483812485,0.6134008490427925
"('Normalized VDWV', 'Distribution2050')",50.67508003108003,4.379724410686626
ofer13:  Mirror K-mer : KN,0.754975394975395,0.743730407543293
AA: I Frequency,5.7560484330484325,2.4798411344889217
Binary AutoCorrellation (C):  Lag:9,0.0027036853454634395,0.00235095512696388
SubSequence(segment-0)  aaScale:4Atch_2 Maximum,1.5886579627988078,0.13592151159097426
hp2: CCCCC,0.295964775964776,0.8730228531671842
SolventA_3:  Mirror K-mer : AHHAD,0.6627428127428128,0.5411651682670645
gg_11 aaScale - Window size:16 Trimmed Average,-0.09110405496787659,0.29767937284411056
ofer13:  Mirror K-mer : KQ,0.77997150997151,0.6425851652536133
SolventA_3:  Mirror K-mer : DHDDH,0.27653716653716653,0.40265352752243844
gg_3 aaScale - Window size:7 MAXIMUM ,0.40842527842527837,0.24098886189748453
SolventA_3:  Mirror K-mer : AHAHH,0.565050505050505,0.5085069926791608
Disorder_3:  Mirror K-mer : DAAAD,0.2503703703703704,0.300069822820997
SecondaryStr_3:  Mirror K-mer : AADDA,1.2547371147371145,0.8395571559593942
SecondaryStr_3:  Mirror K-mer : CDDAD,0.48170422170422167,0.43276293408174915
SecondaryStr_3:  Mirror K-mer : DACAD,0.3655218855218855,0.3596861395507108
Volume aaScale - Window size:16 Average-Trimmed MAX,79.8841909016207,2.724784065188845
SecondaryStr_3:  Mirror K-mer : ADDDD,0.5935508935508935,0.6236820794659209
SecondaryStr_3:  Mirror K-mer : DADCD,0.4638616938616938,0.45363943746567104
AA: N Frequency,3.6359023569023567,2.148450805597768
ofer13:  Mirror K-mer : AS,2.0423310023310024,1.0696081989659887
"('Solvent Accessibility', 'Distribution2050')",52.21564646464647,5.340382932277244
ofer13:  Mirror K-mer : CW,0.02379176379176379,0.09976362711181984
ofer13:  Mirror K-mer : GI,3.708865578865579,1.669529943852524
Disorder_3:  Mirror K-mer : ADDDD,0.06351722351722353,0.21105955864930176
"('Normalized VDWV', 'Distribution1001')",1.1050150220150219,0.7978610906032826
SolventA_3:  Mirror K-mer : ADDDD,0.7973840973840973,0.7948606577657574
Disorder_3:  Mirror K-mer : CCCCC,0.4848277648277648,1.0734866968359522
ofer13:  Mirror K-mer : IS,6.475032375032375,1.8483355050074117
SolventA_3:  Mirror K-mer : AHHHA,0.2992825692825693,0.33063966506798376
Net Charge-PH: 3.5,29.942988959224383,9.747757481766357
gg_11 aaScale - Window size:7 Average-Trimmed MIN,-1.196030255195817,0.29746895917009447
SecondaryStr_3:  Mirror K-mer : AACCC,0.6946024346024345,0.5650523912002475
hp2: CCAAC,1.9235612535612536,0.8467368894462521
ofer_w8: AA: M Frequency,10.198537684537685,2.290203367121158
SubSequence(segment-1)  aaScale:4Atch_5 Average,1.391990879837462,0.0978086454721736
gg_11 aaScale - Window size:16 Average-Trimmed MAX,-0.2811993674452165,0.290431300165855
SolventA_3:  Mirror K-mer : AADHD,0.7786972286972288,0.5526452474285827
SecondaryStr_3:  Mirror K-mer : CCADC,0.48634809634809634,0.4605037353559077
Disorder_3:  Mirror K-mer : DACAD,0.1715565915565916,0.24941898030217477
"('Hydrophobicity', 'Distribution2050')",47.490307174307176,4.571943184883706
SecondaryStr_3:  Mirror K-mer : AACAA,1.2962988862988865,0.7601252318279126
"('Polarizability', 'Composition:1')",0.33497746697746694,0.04925662635096574
M Entropy,5.503586680727415,0.6868876849489022
Disorder_3:  Mirror K-mer : CDADD,0.15555814555814557,0.2375927808229386
SecondaryStr_3:  Mirror K-mer : ACDDC,0.45976430976430976,0.4818555726926495
SubSequence(segment-1)  aaScale:4Atch_1 Minimum,0.27250145733244324,0.08977415292338771
gg_9 aaScale - Window size:16 MINIMUM ,-1.0917854263015552,0.2829873442849644
ofer13:  Mirror K-mer : FN,0.4953328153328153,0.5916298887268884
SubSequence(segment-0)  aaScale:4hw Average,-0.017390931133492018,0.23232241359702813
gg_1 aaScale - Window size:7 Average-Trimmed MAX,-0.3515797201776343,0.2398039156625463
ofer13:  Mirror K-mer : CH,0.13636104636104637,0.22970504194305755
"('Solvent Accessibility', 'Distribution3001')",0.3602020202020202,0.2665378255300572
"('Polarizability', 'Distribution1075')",71.40977544677544,5.1181236825740415
ofer13:  Mirror K-mer : QQ,0.1915643615643616,0.3611283904500691
"('Secondary Str', 'Distribution2100')",98.67008572908573,1.5653820841297104
SubSequence(segment-0)  aaScale:4Atch_3 Maximum,3.5062769825375457,0.3949557596128232
SubSequence(segment-0)  aaScale:4Atch_1 Maximum,1.4445014445648248,0.11239884877562119
SecondaryStr_3:  Mirror K-mer : CCACC,0.24485366485366486,0.3209073360684743
Disorder_3:  Mirror K-mer : CDAAD,0.4470888370888371,0.4725893664479649
ofer13:  Mirror K-mer : KW,0.22236985236985235,0.3246276594630818
polarizability aaScale - Window size:7 MINIMUM ,0.06658178858178858,0.016491595238185653
"('Disorder Propensity', 'Distribution1025')",25.044191401191398,2.6799964880100045
Mutability aaScale - Window size:7 MAXIMUM ,86.76371776371778,3.0906142290072416
gg_5 aaScale - Window size:7 Average-Trimmed MAX,-0.24157669136988102,0.2213910424012997
Disorder_3:  Mirror K-mer : CACDC,0.7402356902356901,0.5238280503619435
SolventA_3:  Mirror K-mer : AADDA,2.058202538202538,1.0456020703967677
Disorder_3:  Mirror K-mer : CCDCC,0.2412173012173012,0.3397154676870442
gg_2 aaScale - Window size:7 Trimmed Average,0.1800845978344991,0.2268369846351789
SolventA_3:  Mirror K-mer : DADHD,0.5768894068894068,0.49548192885565256
gg_1 aaScale - Window size:16 Average-Trimmed MIN,-0.7836684086716074,0.28047580321992344
AA: F Frequency,3.6668857808857807,1.5518173372140347
gg_2 aaScale - Window size:7 MINIMUM ,-2.231773411773412,0.44711933137213555
hp2: CCAAA,3.724840714840715,0.9768004616821202
SecondaryStr_3:  Mirror K-mer : DCCDD,0.34913234913234914,0.41202747365844883
SubSequence(segment-0)  aaScale:4TOP_IDP Maximum,0.5878512791329693,0.10587771668377396
Net Charge-PH: 4.5,10.445168542232995,10.331410329911558
ja aaScale - Window size:7 MINIMUM ,-0.8103500203500204,0.1559164449178305
"('Secondary Str', 'Transitions:12')",0.24095571095571097,0.03321251385477449
SolventA_3:  Mirror K-mer : AADDD,1.1529189329189327,0.7539614800485824
ofer13:  Mirror K-mer : II,6.441098161098162,2.078874186275179
SolventA_3:  Mirror K-mer : ADDHH,0.543095053095053,0.4462712981068688
Disorder_3:  Mirror K-mer : DCCCD,0.11314426314426315,0.19923216284681733
SecondaryStr_3:  Mirror K-mer : CACAC,0.36619787619787614,0.389534612590799
gg_7 aaScale - Window size:7 MAXIMUM ,0.6717948717948719,0.1882865796492457
Flexibility (B-values): Min,0.941292534625868,0.007292682902481682
SecondaryStr_3:  Mirror K-mer : AACDA,1.307060347060347,0.686387405389192
"('Secondary Str', 'Distribution3100')",98.97953975653976,1.6047979819421447
ASAInTripeptide aaScale - Window size:7 MAXIMUM ,173.45709845709845,4.486177044889731
SolventA_3:  Mirror K-mer : AHDHD,0.3959077959077959,0.3934568251926597
SolventA_3:  Mirror K-mer : DADDH,0.6245558145558145,0.48817181727974807
Disorder_3:  Mirror K-mer : CACCC,1.5152810152810152,1.1683293313954408
SubSequence(segment-1)  aaScale:4hw Maximum,2.2571274317753187,0.4460555342351861
Disorder_3:  Mirror K-mer : ADDDA,0.07847707847707848,0.16740198725158448
ofer13:  Mirror K-mer : DI,6.510650090650091,2.0355326272196277
SecondaryStr_3:  Mirror K-mer : CACDD,0.5555685055685055,0.4508884656732198
Mutability aaScale - Window size:16 Average-Trimmed MIN,67.56199153766657,3.0804321498113842
SecondaryStr_3:  Mirror K-mer : DCDDD,0.35172753172753174,0.4595852936678424
AA: P Frequency,4.334541828541829,1.8868952963087213
Disorder_3:  Mirror K-mer : ACACA,1.2658844858844858,0.7646532638752789
"('Polarity', 'Transitions:23')",0.20483812483812486,0.03751165174425379
"('Charge', 'Distribution3001')",3.297798756798757,3.918166239889127
ofer13:  Mirror K-mer : IQ,2.2953949753949754,1.2056732338480192
SolventA_3:  Mirror K-mer : HAAHH,0.609028749028749,0.5756505858123409
"('Polarizability', 'Distribution2001')",1.2722079772079775,0.7031527620541147
gg_6 aaScale - Window size:7 Average-Trimmed MAX,-0.26920153852539314,0.18897620119473596
ofer13:  Mirror K-mer : CS,0.5779668479668479,0.5372690205613425
"('Normalized VDWV', 'Distribution3001')",0.352949753949754,0.17351515048215357
Disorder_3:  Mirror K-mer : CCCDC,0.5283682983682984,0.5570242095532452
SolventA_3:  Mirror K-mer : ADHAD,0.8271820771820771,0.5633166530865074
"('Secondary Str', 'Transitions:13')",0.24163532763532763,0.032926304899593486
gg_5 aaScale - Window size:7 MINIMUM ,-2.6927050727050728,0.856475979538128
"Binary AutoCorrellation (K,R):  Lag:3",0.0238741625392169,0.010647108587068816
Disorder_3:  Mirror K-mer : ADCDD,0.1400259000259,0.2211799942349651
SubSequence(segment-0)  aaScale:4TOP_IDP Minimum,-0.3898559119545035,0.09625525222943918
Disorder_3:  Mirror K-mer : DDADD,0.027953897953897956,0.0965861677440992
SubSequence(segment-1)  aaScale:4hp Minimum,-3.4831653479540803,0.45168874711216617
SecondaryStr_3:  Mirror K-mer : ADADC,0.8237296037296038,0.5406274937033972
"('Solvent Accessibility', 'Distribution2025')",26.28391375291375,4.068758363956171
"Binary AutoCorrellation (K,R):  Lag:5",0.02148066683798968,0.009792837881392374
Mutability aaScale - Window size:16 Trimmed Average,77.40324977071576,2.744645979287956
"('Polarizability', 'Transitions:13')",0.1447883967883968,0.02883631035098645
"('Polarity', 'Distribution3075')",76.63220409220409,4.340097955035771
SolventA_3:  Mirror K-mer : ADHDD,0.6134162134162134,0.4743224396751035
ASAInTripeptide aaScale - Window size:7 Average-Trimmed MAX,154.79741869002456,4.750677349881893
SecondaryStr_3:  Mirror K-mer : DCCCD,0.1949158249158249,0.26249440868878876
ofer13:  Mirror K-mer : FW,0.11659414659414659,0.2363414232237887
"('Secondary Str', 'Transitions:23')",0.1542097902097902,0.033100508058873046
"('Disorder Propensity', 'Distribution3075')",71.4013058793059,6.290651237050775
SubSequence(segment-1)  aaScale:4Atch_2 Minimum,0.25668538034735217,0.08376229574251289
Disorder_3:  Mirror K-mer : ACACD,0.9477052577052576,0.5475441790099631
SecondaryStr_3:  Mirror K-mer : ACAAD,1.4094742294742293,0.7382076884022695
SolventA_3:  Mirror K-mer : DDHAH,0.49056980056980054,0.432626925992468
SecondaryStr_3:  Mirror K-mer : ADACD,0.7385832685832686,0.5356814448239834
SolventA_3:  Mirror K-mer : AHDAH,0.6614866614866615,0.5041037154796523
SolventA_3:  Mirror K-mer : AAHHA,1.0297668997668998,0.7865113483379861
hp2: ACACC,1.5746257446257443,0.7205946248513575
ofer13:  Mirror K-mer : FS,1.51989121989122,0.9645178477672556
ofer_w8: F Entropy,2.356406388590488,0.28741620998706996
gg_9 aaScale - Window size:7 MINIMUM ,-1.7254023754023753,0.38370902039225224
SolventA_3:  Mirror K-mer : HDDHH,0.267034447034447,0.35618236237955164
SecondaryStr_3:  Mirror K-mer : DCADD,0.4821522921522922,0.4424921811088348
"('Charge', 'Distribution2100')",99.86766951566953,0.2832485317111728
AA: A Frequency,8.427444185444186,3.0882434096874314
SubSequence(segment-1)  aaScale:4Atch_4 Maximum,1.4080749550397438,0.11963910083248971
SolventA_3:  Mirror K-mer : DADAH,1.167223517223517,0.7874176673009587
SolventA_3:  Mirror K-mer : AAHAD,1.2939601139601138,0.6640922222339195
ja aaScale - Window size:7 Average-Trimmed MAX,-0.1962647687073674,0.0788412704467644
"('Secondary Str', 'Composition:1')",0.45317560217560215,0.05095311448897533
SolventA_3:  Mirror K-mer : DAHDD,0.689018389018389,0.5050216567511915
"('Normalized VDWV', 'Distribution2100')",99.35690598290597,1.0303545453955851
Disorder_3:  Mirror K-mer : AAADC,1.227896917896918,0.6585981680825096
ofer13:  Mirror K-mer : SW,0.2115721315721316,0.32632935233539395
"('Disorder Propensity', 'Distribution2001')",1.507295001295001,0.9921254404883555
SolventA_3:  Mirror K-mer : DDAHH,0.5601579901579902,0.44931972628335765
SolventA_3:  Mirror K-mer : HAHHH,0.3585495985495985,0.46649999181133833
AA: V Frequency,6.90618648018648,1.9212184394502005
SecondaryStr_3:  Mirror K-mer : DCDCD,0.19463092463092463,0.3170613412045093
SolventA_3:  Mirror K-mer : DDAHD,0.7012509712509711,0.5404708533133286
SolventA_3:  Mirror K-mer : AAHDD,0.7865319865319864,0.5182332225555264
SecondaryStr_3:  Mirror K-mer : AADAD,1.360979020979021,0.7782174857591779
Disorder_3:  Mirror K-mer : ACADA,1.0733462833462835,0.6822751611324859
gg_10 aaScale - Window size:16 Average-Trimmed MIN,-0.7543921607515415,0.1874194994839438
ASAInTripeptide aaScale - Window size:16 Trimmed Average,160.1290854898926,4.6640779304219935
ofer13:  Mirror K-mer : HH,0.06748510748510747,0.1899604509021184
SolventA_3:  Mirror K-mer : AAAHD,0.9885754985754984,0.6253993627451854
"('Normalized VDWV', 'Distribution3050')",49.108804972804975,5.79553834288041
"('Polarity', 'Distribution1075')",74.17148458948459,3.5056047695648846
ofer13:  Mirror K-mer : GP,0.6073245273245274,0.6411146047167053
SolventA_3:  Mirror K-mer : DDDHH,0.3045765345765346,0.37881145409072864
Disorder_3:  Mirror K-mer : ACDDA,0.4004092204092204,0.3736850218824936
SecondaryStr_3:  Mirror K-mer : ADAAC,1.3322636622636623,0.6990822072934005
Volume aaScale - Window size:7 MINIMUM ,57.52986642986643,5.0764492803698325
SubSequence(segment-1)  aaScale:4sa Maximum,1.38137055641281,0.06356605978992935
"('Polarizability', 'Composition:3')",0.2238342398342398,0.03909344331076816
Disorder_3:  Mirror K-mer : DADAD,0.08526029526029526,0.19124996992939952
Disorder_3:  Mirror K-mer : AACAC,2.7302849002849006,1.015893369734858
SolventA_3:  Mirror K-mer : DHADH,0.4281714581714582,0.4081096117363324
SolventA_3:  Mirror K-mer : AHDHH,0.3733592333592333,0.4221084368240643
Disorder_3:  Mirror K-mer : AACCD,0.9684304584304584,0.5829719801140144
"('Polarity', 'Transitions:13')",0.23574048174048173,0.04202899790355467
gg_3 aaScale - Window size:16 Average-Trimmed MAX,-0.44312481546791804,0.23735854594295583
SolventA_3:  Mirror K-mer : DDHDD,0.2063765863765864,0.3020749311613044
SecondaryStr_3:  Mirror K-mer : CAAAD,1.4218311318311316,0.6930230153035829
hp2: AACAA,6.674579124579125,1.5205001325089402
SubSequence(segment-0)  aaScale:4Atch_3 Minimum,0.7974970999266775,0.1249750745268045
gg_10 aaScale - Window size:16 Trimmed Average,-0.10305667794614506,0.21421583417728293
Mutability aaScale - Window size:7 MINIMUM ,49.19972619972619,4.660535628925494
SecondaryStr_3:  Mirror K-mer : ADCAD,0.7998756798756798,0.5298631618630348
gg_11 aaScale - Window size:16 MAXIMUM ,0.37945627332724113,0.34083593387295913
gg_4 aaScale - Window size:16 Average-Trimmed MIN,0.18882178463569654,0.23670576531827472
gg_1 aaScale - Window size:7 MINIMUM ,-2.2241802641802644,0.3896811821076961
SubSequence(segment-0)  aaScale:4Atch_2 Minimum,0.25668538034735217,0.08376229574251289
ofer13:  Mirror K-mer : DH,0.5453017353017353,0.5012502817782188
SubSequence(segment-1)  aaScale:4Atch_1 Average,0.8613527502759005,0.06766937198590117
"('Solvent Accessibility', 'Distribution1001')",1.380855736855737,0.8158707052457351
SecondaryStr_3:  Mirror K-mer : CCCCD,0.3384097384097384,0.4557065820668958
"('Polarity', 'Distribution1025')",24.14112457912458,3.5171139827926763
Disorder_3:  Mirror K-mer : ADCCC,0.6496995596995596,0.5236358187998477
Disorder_3:  Mirror K-mer : AACCA,3.3753017353017354,1.3661811229781196
AA: M Frequency,2.446045843045843,1.1093870241051975
SolventA_3:  Mirror K-mer : ADAHD,0.8398135198135198,0.534009542603282
Disorder_3:  Mirror K-mer : ACAAD,1.4020564620564622,0.7530781298741248
"('Polarity', 'Distribution2100')",99.07514245014245,1.3054405206790016
ofer13:  Mirror K-mer : CK,0.3314219114219114,0.4337563811801831
gg_5 aaScale - Window size:16 MAXIMUM ,0.3939369078078755,0.151782075888738
hp2: ACCCA,1.8262211862211861,0.7755268183129129
"('Hydrophobicity', 'Composition:1')",0.3117104377104377,0.050045605384758114
ofer13:  Mirror K-mer : AN,0.5093188293188294,0.4706549819380212
SolventA_3:  Mirror K-mer : AAHHH,0.5822688422688423,0.5335151023150807
"Binary AutoCorrellation (K,R):  Lag:8",0.01930722495802434,0.009011424458292039
SecondaryStr_3:  Mirror K-mer : ACACD,0.8654001554001554,0.5670541448585129
Disorder_3:  Mirror K-mer : ADADD,0.13709660709660706,0.2402712320448355
ofer13:  Mirror K-mer : AA,0.9468816368816368,0.844320031562382
"('Disorder Propensity', 'Transitions:12')",0.34955374255374255,0.034066969780848354
gg_4 aaScale - Window size:16 MINIMUM ,-0.5081294829681927,0.36259021377950024
hp2: CCCAC,0.8028593628593628,0.6957931144961645
"('Hydrophobicity', 'Transitions:12')",0.22341310541310544,0.03885607927832156
"('Polarizability', 'Distribution1001')",1.2126485366485367,0.9878289396462578
gg_5 aaScale - Window size:7 MAXIMUM ,0.556864616864617,0.13348044928869693
ofer13:  Mirror K-mer : NP,0.35906241906241904,0.3883148852816676
SubSequence(segment-1)  aaScale:4TOP_IDP Minimum,-0.3898559119545035,0.09625525222943918
Disorder_3:  Mirror K-mer : ADACC,0.868075628075628,0.5650665286464788
Disorder_3:  Mirror K-mer : ADDAD,0.1657239057239057,0.2772387162669253
disordered_window_1,0.3517223517223517,0.477507841842676
SolventA_3:  Mirror K-mer : ADDHD,0.6501424501424501,0.5356219886252728
ofer13:  Mirror K-mer : GS,1.61999740999741,0.9411821026331953
"('Polarity', 'Distribution1001')",0.3541310541310541,0.16306923107197765
SubSequence(segment-1)  aaScale:4hw Average,-0.017390931133492018,0.23232241359702813
SolventA_3:  Mirror K-mer : AADAA,1.2976741776741776,0.7585867792216131
SolventA_3:  Mirror K-mer : AAHHD,0.5894327894327893,0.451923242826823
Disorder_3:  Mirror K-mer : ADCAC,1.0135560735560736,0.5894913006597325
SubSequence(segment-1)  aaScale:4Atch_5 Minimum,0.42039927443448566,0.15234254206694078
SecondaryStr_3:  Mirror K-mer : CACAD,0.7671458171458171,0.5580572145185797
Disorder_3:  Mirror K-mer : ACDCA,0.5508417508417508,0.4279455763220895
"('Charge', 'Distribution1001')",3.0551315721315726,3.589428380353185
ofer13:  Mirror K-mer : WW,0.008865578865578864,0.06167696891081131
Net Charge-PH: 7.2,-7.7331944870106035,11.624170451926503
SecondaryStr_3:  Mirror K-mer : ADAAD,1.2214193214193214,0.8348356655529948
SecondaryStr_3:  Mirror K-mer : ACCDD,0.5368272468272467,0.4958785938543337
ofer13:  Mirror K-mer : GW,0.10206423206423207,0.22501365354438013
SolventA_3:  Mirror K-mer : DDAAH,0.9914426314426315,0.5949518848481339
ofer_w8: K Entropy,3.310289812214671,0.37227193001422215
SolventA_3:  Mirror K-mer : HHDHH,0.10174048174048174,0.22214064390112406
SecondaryStr_3:  Mirror K-mer : AADDC,0.78002331002331,0.5042541883107464
ofer13:  Mirror K-mer : DW,0.20325304325304325,0.30429845598971816
SubSequence(segment-1)  aaScale:4hp Maximum,3.4084603711364276,0.518603173686307
"('Charge', 'Distribution3050')",53.945500647500644,9.831995948895418
SubSequence(segment-0)  aaScale:4hp Minimum,-3.4831653479540803,0.45168874711216617
hp2: AAAAA,10.29018389018389,5.34476961429084
"('Disorder Propensity', 'Distribution2050')",49.70968142968143,3.907090469763435
SecondaryStr_3:  Mirror K-mer : ACCAD,0.7715125615125615,0.5694528530409786
SecondaryStr_3:  Mirror K-mer : CDDCD,0.3304946904946905,0.42232995245915
hp2: CCACC,0.8554545454545455,0.7634327129440706
AA: G Frequency,7.563669774669775,2.493908841975915
hp aaScale - Window size:16 MINIMUM ,-1.9117382214156409,0.4486579292429961
SecondaryStr_3:  Mirror K-mer : AADCD,0.8323051023051022,0.5762147477565218
SolventA_3:  Mirror K-mer : DHHAH,0.374004144004144,0.4548974616092377
gg_1 aaScale - Window size:16 MINIMUM ,-1.3815951322402935,0.3746437151082798
"('Hydrophobicity', 'Distribution1075')",76.51290909090908,4.628925828314192
Disorder_3:  Mirror K-mer : CADAD,0.3724812224812225,0.39054383014667937
gg_2 aaScale - Window size:16 Trimmed Average,0.17358325574708322,0.22761738030029466
Mutability aaScale - Window size:7 Average-Trimmed MAX,73.74306054276518,2.6812828117407954
Disorder_3:  Mirror K-mer : ACCDA,1.0286765086765086,0.5954905079691981
SolventA_3:  Mirror K-mer : HHAHH,0.18153328153328152,0.28620701976811963
SolventA_3:  Mirror K-mer : ADADH,0.8233903133903133,0.5576427430282211
gg_7 aaScale - Window size:16 MAXIMUM ,0.4246161952613565,0.20033314484322154
Potential Hydroxylation Sites:Frequency,0.0,0.0
"('Polarity', 'Distribution1100')",98.99358326858327,1.2529729699914283
SolventA_3:  Mirror K-mer : AAHAA,1.0154079254079256,0.7996287798586376
S Entropy,4.093068598726571,0.499473618870073
gg_4 aaScale - Window size:7 Trimmed Average,1.0163884369007887,0.20389995127785676
Volume aaScale - Window size:16 MAXIMUM ,86.7323049194017,2.728072739845877
gg_3 aaScale - Window size:7 Average-Trimmed MAX,-0.524378996511592,0.23714899526943267
SecondaryStr_3:  Mirror K-mer : AAACD,1.3008935508935509,0.6774815134369352
ASAInTripeptide aaScale - Window size:7 MINIMUM ,116.7149517149517,9.38992752208664
"('Polarizability', 'Distribution2025')",26.192343175343176,3.7560835920341
ofer13:  Mirror K-mer : HW,0.04217560217560217,0.12712969488623058
SecondaryStr_3:  Mirror K-mer : CADDD,0.5253302253302253,0.4577693015909584
Mutability aaScale - Window size:16 MINIMUM ,59.99542651155555,4.152464440797168
Molecular Weight,32942.79269619269,5104.433075327843
Dibasic Cleavage: Putative Cleavage Products,0.0,0.0
gg_5 aaScale - Window size:16 Average-Trimmed MIN,-0.8047061613466547,0.347187759882743
Net Charge-PH: 5.5,-0.8430382697740684,11.518422990119905
SecondaryStr_3:  Mirror K-mer : CCACD,0.5618155918155917,0.44717258244773245
polarizability aaScale - Window size:16 Trimmed Average,0.14946283352979148,0.00952065943221907
ASAInTripeptide aaScale - Window size:7 Average-Trimmed MIN,137.98716541902624,5.698463879421256
Dibasic Cleavage: Known Motif frequency,4.977360200567847,4.020857331047978
gg_8 aaScale - Window size:7 Average-Trimmed MAX,-0.32633833183858885,0.2096597095625395
Disorder_3:  Mirror K-mer : AADDD,0.17311836311836312,0.2872954628250665
SecondaryStr_3:  Mirror K-mer : ADCDD,0.5031675731675731,0.42636977353166744
gg_8 aaScale - Window size:7 Trimmed Average,-0.01267717605861702,0.21340940079805326
"('Polarity', 'Distribution3100')",99.51421937321936,0.9978187901846376
"('Disorder Propensity', 'Distribution1100')",99.6830795130795,0.5004425238294097
SecondaryStr_3:  Mirror K-mer : DDADD,0.2446179746179746,0.44889526299428756
SubSequence(segment-0)  aaScale:4hp Average,-0.10123552631212239,0.3743172898752692
Disorder_3:  Mirror K-mer : DACDD,0.13465164465164464,0.21355857892142677
"('Hydrophobicity', 'Distribution2075')",71.42066796166797,5.028434461538417
"('Normalized VDWV', 'Composition:1')",0.39474022274022275,0.05433657338575916
SolventA_3:  Mirror K-mer : HAAAH,0.46498834498834496,0.43996707173399363
SecondaryStr_3:  Mirror K-mer : CCADD,0.5192385392385391,0.5032916672075854
SecondaryStr_3:  Mirror K-mer : DAAAD,0.6156591556591556,0.46074504921404413
SubSequence(segment-1)  aaScale:4TOP_IDP Average,0.06988744154723577,0.05238095463891123
L Entropy,3.3001681519884682,0.3783887472218042
SecondaryStr_3:  Mirror K-mer : ACDCC,0.4853095053095053,0.4471936595746058
SolventA_3:  Mirror K-mer : AHAAD,1.273768453768454,0.68905004800839
Volume aaScale - Window size:16 MINIMUM ,66.91774838226452,4.181372441117942
SolventA_3:  Mirror K-mer : DHHHD,0.11147630147630147,0.21072584877397904
ofer13:  Mirror K-mer : CC,0.02563843563843564,0.10773569688048414
SolventA_3:  Mirror K-mer : HADAH,0.36997668997669,0.37247163635874775
SolventA_3:  Mirror K-mer : HDHDH,0.1163973063973064,0.2788827687172214
Disorder_3:  Mirror K-mer : AADAA,0.8340973840973841,0.618628492684874
SolventA_3:  Mirror K-mer : HDAHH,0.3473271173271173,0.36436510681909756
Binary AutoCorrellation (C):  Lag:4,0.0032427982946543438,0.0028696986855479235
"('Hydrophobicity', 'Distribution3100')",98.93146024346025,1.2975355157745765
SolventA_3:  Mirror K-mer : ADHHH,0.3561693861693862,0.39611740560262343
gg_5 aaScale - Window size:7 Trimmed Average,0.08010383739051156,0.18566428557253092
AA: W Frequency,0.8463040663040663,0.808444852331224
SecondaryStr_3:  Mirror K-mer : ADDCD,0.4654752654752654,0.4369803060204679
"('Polarizability', 'Composition:2')",0.4411802641802642,0.039244795642375346
"('Charge', 'Distribution2025')",24.258041699041698,1.4185409533145807
ofer13:  Mirror K-mer : AK,1.6624475524475522,0.9349535513228187
SubSequence(segment-0)  aaScale:4TOP_IDP Average,0.06988744154723577,0.05238095463891123
ofer13:  Mirror K-mer : PS,1.1472830872830873,0.7919654815091338
Cysteine Spaced Motif:,0.48536648536648536,0.49978581437398834
SubSequence(segment-0)  aaScale:4sa Minimum,0.6340839452670438,0.04965217189222338
ofer13:  Mirror K-mer : DG,2.083765863765864,1.1823297827543688
Disorder_3:  Mirror K-mer : ADACD,0.35694120694120696,0.3605010957756158
Disorder_3:  Mirror K-mer : CCDDD,0.11021238021238021,0.2042269115550688
gg_10 aaScale - Window size:16 Average-Trimmed MAX,-0.2645722691479478,0.19990076348682595
ofer13:  Mirror K-mer : GK,1.766102046102046,0.9450704496643402
Disorder_3:  Mirror K-mer : CCCDD,0.20072002072002074,0.2812156788888899
gg_2 aaScale - Window size:16 Average-Trimmed MAX,-0.040252625628816374,0.2304908669561884
SolventA_3:  Mirror K-mer : ADDAH,1.0697668997668996,0.6668220856540591
ofer_w8: AA: K Frequency,10.421180523180523,2.7793029147315202
ASAInTripeptide aaScale - Window size:7 Trimmed Average,160.3332968793273,4.6490792937537755
Disorder_3:  Mirror K-mer : DACCD,0.34911421911421914,0.3503194127031757
hp aaScale - Window size:16 Trimmed Average,-0.17308701570062393,0.3154496620291284
SolventA_3:  Mirror K-mer : DAAAH,1.1701476301476303,0.657011043262495
"('Polarizability', 'Distribution1050')",47.22388448588449,4.85614624153893
ofer13:  Mirror K-mer : FK,1.4236700336700336,0.8974060139668576
"('Secondary Str', 'Distribution1075')",74.98615384615384,3.3164061183350406
T Entropy,4.230520490728868,0.44812238011257416
SecondaryStr_3:  Mirror K-mer : AACDC,0.6915565915565915,0.5443089150448887
Disorder_3:  Mirror K-mer : ADADC,0.42552965552965555,0.3949889568792734
SolventA_3:  Mirror K-mer : DDDDH,0.3774281274281274,0.4875580604307049
Disorder_3:  Mirror K-mer : ACAAC,3.135568505568506,1.297791050299836
SecondaryStr_3:  Mirror K-mer : ACDDD,0.5874384874384874,0.49366160318758545
hp2: AAACA,6.734843304843305,1.4311977214726748
Volume aaScale - Window size:7 Trimmed Average,82.09714934742152,2.6877542437012094
Disorder_3:  Mirror K-mer : CAACC,2.556583786583787,1.18671097672538
gg_5 aaScale - Window size:16 Average-Trimmed MAX,-0.18417074186327798,0.2155787112559163
SecondaryStr_3:  Mirror K-mer : AADCC,0.8659958559958559,0.5612388930178684
SecondaryStr_3:  Mirror K-mer : DACDD,0.4771069671069671,0.42704030867410475
SolventA_3:  Mirror K-mer : AADHH,0.6515980315980315,0.4794783274529017
Disorder_3:  Mirror K-mer : CADDD,0.12594664594664595,0.23478693907935894
ASAInTripeptide aaScale - Window size:16 Average-Trimmed MIN,144.68384410250712,5.602329377149699
AA: K Frequency,5.179512561512561,2.9589948748557573
gg_1 aaScale - Window size:7 Trimmed Average,-0.07023243269605962,0.24415656351176548
"('Solvent Accessibility', 'Composition:1')",0.45273556073556076,0.054182887434415974
SolventA_3:  Mirror K-mer : ADAHH,0.6632582232582233,0.5059311543660346
SecondaryStr_3:  Mirror K-mer : CAACD,0.775146335146335,0.5784626362869671
gg_7 aaScale - Window size:16 MINIMUM ,-1.7806202051363342,0.47691056130413195
"('Polarizability', 'Distribution2075')",75.02177466977467,2.914488202943812
Disorder_3:  Mirror K-mer : ACDDC,0.27306915306915314,0.3731558056015115
"('Secondary Str', 'Distribution3025')",25.074252525252525,3.855763744654767
SubSequence(segment-0)  aaScale:4Atch_4 Minimum,0.28893549069605406,0.07733448375229494
hp2: AACAC,3.271300181300181,0.9134467674228605
polarizability aaScale - Window size:16 Average-Trimmed MAX,0.1421089426583848,0.009487187300277712
Disorder_3:  Mirror K-mer : AACAA,2.3396632996633,1.0000170112888176
SubSequence(segment-1)  aaScale:4sa Minimum,0.6340839452670438,0.04965217189222338
"('Solvent Accessibility', 'Distribution1050')",48.48163273763274,3.278610424205118
Mutability aaScale - Window size:16 Average-Trimmed MAX,74.9648845029956,2.7131529682105353
ofer13:  Mirror K-mer : DS,2.6985055685055688,1.20907025752337
SolventA_3:  Mirror K-mer : DDDAH,0.587974617974618,0.4965742162232204
SolventA_3:  Mirror K-mer : AHADH,0.6670810670810671,0.5011284349035117
SubSequence(segment-1)  aaScale:4hp Average,-0.10123552631212239,0.3743172898752692
gg_9 aaScale - Window size:16 Trimmed Average,0.05104915792707557,0.1444481821774604
"('Charge', 'Distribution3025')",28.394376068376065,8.096560564707204
SecondaryStr_3:  Mirror K-mer : CDADC,0.3152887852887853,0.31641363260094735
SolventA_3:  Mirror K-mer : DADAD,0.830960890960891,0.6848023769992188
SecondaryStr_3:  Mirror K-mer : ADADA,0.6449184149184148,0.5512495986347755
Disorder_3:  Mirror K-mer : CADCD,0.3261978761978762,0.36226802357808285
SolventA_3:  Mirror K-mer : DAHHH,0.40032375032375034,0.40569824164876045
gg_4 aaScale - Window size:16 Average-Trimmed MAX,0.8119976095549358,0.20013890253414832
"('Secondary Str', 'Distribution2025')",24.72250815850816,3.7692017542897496
SecondaryStr_3:  Mirror K-mer : ACDAD,0.9305024605024605,0.6022450068142899
ofer13:  Mirror K-mer : AD,2.1708029008029013,1.3125173188391293
"('Polarity', 'Distribution2050')",46.92815617715617,5.160892871990589
Binary AutoCorrellation (C):  Lag:3,0.0037579290288334895,0.003196482874594517
ofer_w8: D Entropy,2.9970257581520094,0.4280770047458704
Disorder_3:  Mirror K-mer : DDDDD,0.019251489251489246,0.11873888045261907
Q Entropy,4.73880856319573,0.765433650745258
gg_4 aaScale - Window size:7 Average-Trimmed MIN,-0.17470709370032866,0.24121663753186312
SolventA_3:  Mirror K-mer : AADAH,1.4087075887075888,0.7230873995791303
gg_4 aaScale - Window size:7 Average-Trimmed MAX,0.7212799365331759,0.1983934337356528
Disorder_3:  Mirror K-mer : ADDCD,0.1418932918932919,0.22915125541809542
SolventA_3:  Mirror K-mer : ADHHA,0.6097435897435898,0.45336471112494775
polarizability aaScale - Window size:7 Trimmed Average,0.14958217303757318,0.009381127706696817
ofer13:  Mirror K-mer : DP,1.135923335923336,0.7435389719959727
"('Charge', 'Distribution2075')",73.48441284641284,1.963154909748812
SecondaryStr_3:  Mirror K-mer : AAADC,1.3946749546749546,0.6963676648499464
gg_10 aaScale - Window size:7 MINIMUM ,-1.8466944166944166,0.2733824566623851
Disorder_3:  Mirror K-mer : CCADC,0.8025200725200724,0.5480483089087981
hp2: CACAA,3.2060631960631962,0.8779744884844112
"('Polarity', 'Transitions:12')",0.2264848484848485,0.04036839667102544
SolventA_3:  Mirror K-mer : DAHAD,0.6336078736078735,0.49687264449099156
"('Polarity', 'Distribution3050')",52.27505335405336,5.033180938352953
Disorder_3:  Mirror K-mer : AACDA,1.3076741776741778,0.6993140373223184
ofer13:  Mirror K-mer : DD,1.9598575498575501,1.1621165150374426
Disorder_3:  Mirror K-mer : ACCCD,0.7461512561512562,0.53379147175553
"('Charge', 'Composition:1')",0.10420538720538722,0.027795988411190135
ofer13:  Mirror K-mer : PP,0.22084434084434085,0.47979962348560695
SolventA_3:  Mirror K-mer : ADADA,1.2855115255115257,0.9592765656099611
SecondaryStr_3:  Mirror K-mer : ADACC,0.7901450401450402,0.552222539301965
Disorder_3:  Mirror K-mer : AADAD,0.4723180523180523,0.45533339858539706
hp2: ACAAC,3.6833048433048434,1.0438005128093983
ASAInTripeptide aaScale - Window size:16 MAXIMUM ,169.3483399935013,4.664158295345351
gg_8 aaScale - Window size:16 MINIMUM ,-1.5086546009126653,0.34320215450224245
ofer_w8: M Entropy,3.3326851371872306,0.34533902304861125
ofer_w8: AA: D Frequency,12.985044548044547,3.1070491316079587
SubSequence(segment-0)  aaScale:4Atch_1 Average,0.8613527502759005,0.06766937198590117
SecondaryStr_3:  Mirror K-mer : CCCDD,0.3937218337218337,0.41457130235577544
ofer13:  Mirror K-mer : IN,1.7733799533799532,1.2934326966621472
Disorder_3:  Mirror K-mer : DCADD,0.1561253561253561,0.2379734190644109
Disorder_3:  Mirror K-mer : CDDDD,0.055402745402745396,0.17107495561286348
SecondaryStr_3:  Mirror K-mer : CDAAD,0.7801864801864801,0.5668969927573928
Mutability aaScale - Window size:16 MAXIMUM ,83.58537806924905,3.0478091065095345
"('Secondary Str', 'Composition:2')",0.272005439005439,0.042581308136142006
SecondaryStr_3:  Mirror K-mer : CDCDD,0.33959077959077955,0.39128950030162735
gg_6 aaScale - Window size:7 Trimmed Average,0.004880141619940196,0.20459725887466151
SecondaryStr_3:  Mirror K-mer : CAACC,0.7465967365967365,0.6155676342476939
"('Disorder Propensity', 'Distribution2100')",99.12599922299923,1.128376282868856
SolventA_3:  Mirror K-mer : AHDHA,0.311004921004921,0.3350755947699533
polarizability aaScale - Window size:16 MAXIMUM ,0.16797076729334792,0.009972887248075381
polarizability aaScale - Window size:7 Average-Trimmed MAX,0.1387800675370606,0.009425852544674491
SubSequence(segment-1)  aaScale:4Atch_3 Maximum,3.5062769825375457,0.3949557596128232
SecondaryStr_3:  Mirror K-mer : CCDCD,0.3516032116032116,0.38624021178099366
Volume aaScale - Window size:7 MAXIMUM ,89.13580123580124,2.6431788046736373
SolventA_3:  Mirror K-mer : DHHDH,0.24887593887593887,0.3682272791078656
SecondaryStr_3:  Mirror K-mer : AAAAD,2.4932841232841234,1.2568749203797513
Disorder_3:  Mirror K-mer : DCACD,0.16638694638694637,0.23790476782805745
AA: Q Frequency,4.129685055685056,1.8356415509025936
SubSequence(segment-1)  aaScale:4Atch_3 Average,1.8080272989384636,0.14407802863992264
SecondaryStr_3:  Mirror K-mer : CDDDD,0.4127997927997928,0.4789390400152415
SolventA_3:  Mirror K-mer : DHAAH,0.5928826728826728,0.5310030716197633
Disorder_3:  Mirror K-mer : ADDAC,0.3947552447552447,0.450393103992366
SecondaryStr_3:  Mirror K-mer : ACCCA,0.3521548821548821,0.3535118779591288
Flexibility (B-values):mean,0.9998994322459512,0.006268711594536706
SubSequence(segment-0)  aaScale:4sa Average,0.9943979184443471,0.044712480732795115
V Entropy,3.9169517317876354,0.4479243016024821
SecondaryStr_3:  Mirror K-mer : AAADD,1.3468272468272466,0.792330994935688
SubSequence(segment-0)  aaScale:4Atch_1 Minimum,0.27250145733244324,0.08977415292338771
"('Solvent Accessibility', 'Distribution3050')",47.96679176379176,5.196993481820532
hp2: AAACC,3.129166019166019,0.9093567425418645
SolventA_3:  Mirror K-mer : DAAHH,0.6344030044030043,0.46436348866492855
gg_9 aaScale - Window size:7 MAXIMUM ,0.6094213194213194,0.16132072689189172
ofer_w8: AA: F Frequency,19.88848174048174,3.9086910971871927
Disorder_3:  Mirror K-mer : CAAAD,1.2262859362859362,0.6548406688354229
"('Normalized VDWV', 'Distribution3025')",22.582656047656048,5.0550664682067215
disordered_window_3,0.23646723646723647,0.42491232336187257
"('Disorder Propensity', 'Transitions:13')",0.14792851592851594,0.029916504157903468
AA: T Frequency,5.558827246827247,1.5960518686468028
"('Disorder Propensity', 'Distribution1075')",74.61962289562291,2.7058219407919064
SolventA_3:  Mirror K-mer : AADDH,0.9069101269101268,0.5599446447032429
ofer13:  Mirror K-mer : AH,0.2922999222999223,0.3740614004206198
Disorder_3:  Mirror K-mer : ADCDA,0.2126133126133126,0.2687842937171201
SolventA_3:  Mirror K-mer : AHAHD,0.6854001554001554,0.4972925158804043
Disorder_3:  Mirror K-mer : CCDAD,0.3439497539497539,0.35345311271573193
SolventA_3:  Mirror K-mer : ADHHD,0.42118104118104116,0.45333065223058083
Disorder_3:  Mirror K-mer : CACAC,0.9734084434084433,0.661372754155377
"Binary AutoCorrellation (K,R):  Lag:4",0.02148066683798968,0.009792837881392374
ofer13:  Mirror K-mer : HP,0.2021160321160321,0.2967847263484685
Binary AutoCorrellation (C):  Lag:2,0.0037579290288334895,0.003196482874594517
"('Polarity', 'Distribution2025')",23.1872072002072,4.237195339740952
gg_3 aaScale - Window size:7 Trimmed Average,-0.25273008540107217,0.23631310444975476
hp2: CCCCA,0.573051023051023,0.696072018245171
gg_4 aaScale - Window size:16 Trimmed Average,1.017116438169112,0.20428124477375428
Disorder_3:  Mirror K-mer : AAAAC,3.9005775705775703,1.5959909313964207
"('Hydrophobicity', 'Distribution1050')",52.21564646464647,5.340382932277244
"('Disorder Propensity', 'Composition:3')",0.1592009842009842,0.02749812941889824
Disorder_3:  Mirror K-mer : CDDCD,0.1042035742035742,0.20959357817226437
"('Charge', 'Transitions:13')",0.027885003885003888,0.013416359040568704
SolventA_3:  Mirror K-mer : ADHDA,0.40219114219114216,0.3674865675736688
"('Secondary Str', 'Distribution1100')",99.70129396529397,0.513775986343769
gg_8 aaScale - Window size:7 MAXIMUM ,0.7661793761793761,0.22183996716691531
SubSequence(segment-0)  aaScale:4hw Maximum,2.2571274317753187,0.4460555342351861
SolventA_3:  Mirror K-mer : AHHHH,0.3508003108003108,0.5027466200358063
gg_6 aaScale - Window size:16 MINIMUM ,-1.2824290317838702,0.2707035278117408
ofer13:  Mirror K-mer : HS,0.42457394457394454,0.4659803545104088
disordered_window_2,0.26288526288526287,0.44020063771308776
ofer13:  Mirror K-mer : HK,0.4406397306397306,0.43958384874683226
"('Normalized VDWV', 'Distribution2001')",1.3894835534835535,0.8808609433998444
I Entropy,4.252650040965708,0.6686558292546249
"('Charge', 'Distribution1100')",97.55913001813,3.63920035562356
SolventA_3:  Mirror K-mer : HHHHH,0.15176638176638177,0.4568646322751059
K Entropy,4.5428744442480085,0.9932075706532107
gg_4 aaScale - Window size:7 MINIMUM ,-1.30972027972028,0.47118683864952854
SubSequence(segment-0)  aaScale:4Atch_3 Average,1.8080272989384636,0.14407802863992264
SolventA_3:  Mirror K-mer : DAADH,0.8286298886298886,0.5902999145779201
"('Charge', 'Distribution2001')",0.3482082362082362,0.11727353161223623
"('Solvent Accessibility', 'Transitions:12')",0.2894434084434085,0.04716440324683252
AA: E Frequency,7.248519813519813,2.2953830392778607
"('Normalized VDWV', 'Distribution3100')",99.02741388241388,1.4968728365114685
SolventA_3:  Mirror K-mer : AHADD,0.9057342657342657,0.5848637363480153
gg_2 aaScale - Window size:7 MAXIMUM ,0.9425685425685425,0.2368302776823703
"('Polarity', 'Distribution3001')",1.2303804713804714,0.967053975685983
gg_10 aaScale - Window size:16 MAXIMUM ,0.34414722640529094,0.27397601785444015
Disorder_3:  Mirror K-mer : CDDDC,0.06917119917119917,0.15424188432598965
Disorder_3:  Mirror K-mer : AADDC,0.34318052318052317,0.3518877728870649
gg_8 aaScale - Window size:7 MINIMUM ,-2.362434602434602,0.38467548272072905
Disorder_3:  Mirror K-mer : CCCAD,0.6813727013727013,0.5309239781485636
F Entropy,4.885119843186007,0.6168331075810286
ofer13:  Mirror K-mer : GQ,0.6578606578606578,0.5912012032621806
Disorder_3:  Mirror K-mer : AADCC,0.8907096607096606,0.5547785060376546
"('Hydrophobicity', 'Transitions:23')",0.24012898212898212,0.0408667672041687
SecondaryStr_3:  Mirror K-mer : AACAD,1.491103341103341,0.7287024973519423
Instability index,38.56387982387982,10.001842071729921
"('Solvent Accessibility', 'Composition:3')",0.23554700854700855,0.03817737850430463
Binary AutoCorrellation (C):  Lag:8,0.0027036853454634395,0.00235095512696388
SecondaryStr_3:  Mirror K-mer : ACCCD,0.5617223517223519,0.45666574400880205
gg_7 aaScale - Window size:7 Average-Trimmed MIN,-1.4228359787178861,0.3337865616928763
SecondaryStr_3:  Mirror K-mer : ADDCC,0.5584485884485885,0.48906695043836995
Net Charge-PH: 7.5,-8.410960505002105,11.648643291797846
SolventA_3:  Mirror K-mer : AHHDD,0.5257031857031857,0.4388908508166241
hp2: CAACA,3.2585288785288786,1.1206915535299342
A Entropy,3.673709536553353,0.5970810436509624
hp2: CACCC,0.7671665371665372,0.7128092102332645
gg_8 aaScale - Window size:16 MAXIMUM ,0.5210724575240706,0.22138474013572873
Disorder_3:  Mirror K-mer : CDADC,0.20338772338772337,0.2813200506232995
Disorder_3:  Mirror K-mer : CAAAC,1.5730717430717431,0.7606459599486565
E Entropy,3.8732712875824657,0.5601471153803779
"('Solvent Accessibility', 'Transitions:13')",0.21502797202797203,0.036593375146897214
SubSequence(segment-0)  aaScale:4Atch_5 Average,1.391990879837462,0.0978086454721736
hp2: CCCAA,1.5997746697746698,0.7381217727110425
Disorder_3:  Mirror K-mer : ACDCC,0.6201424501424501,0.5091359139044859
SolventA_3:  Mirror K-mer : ADHAH,0.6575705775705776,0.4984749630521579
"('Hydrophobicity', 'Distribution3050')",49.57203133903134,4.440651600606734
SubSequence(segment-1)  aaScale:4hw Minimum,-1.7258128413057992,0.3020198098637704
Disorder_3:  Mirror K-mer : DADDD,0.05535353535353536,0.1506469192594826
SolventA_3:  Mirror K-mer : AAHDH,0.5773167573167574,0.4972127444428752
gg_7 aaScale - Window size:16 Average-Trimmed MAX,-0.29983584958713305,0.211082956181523
SolventA_3:  Mirror K-mer : AAAAD,2.321787101787102,1.1603808095422896
"('Hydrophobicity', 'Distribution3001')",0.35504351204351203,0.17399888412951295
ofer13:  Mirror K-mer : DF,1.6014788914788916,0.9335385021927675
Disorder_3:  Mirror K-mer : ACCAC,2.1504610204610204,1.1325426168198374
"('Normalized VDWV', 'Distribution2025')",25.693874902874903,4.00069939872884
Dibasic Cleavage: Total Known Motif counts,3.5164465164465164,2.8383088835369175
"('Solvent Accessibility', 'Composition:2')",0.3117104377104377,0.050045605384758114
ofer13:  Mirror K-mer : FF,0.536068376068376,0.5017160187473403
"('Solvent Accessibility', 'Distribution2001')",1.279851074851075,1.035253096184356
Cysteine window Motif:0,0.12095312095312095,0.4930269771898465
SecondaryStr_3:  Mirror K-mer : AACCA,1.2439937839937838,0.7955803219370187
"('Hydrophobicity', 'Distribution2100')",99.32596373996374,1.0863579846415319
SolventA_3:  Mirror K-mer : ADDDA,0.6241051541051541,0.4923255717623184
gg_9 aaScale - Window size:7 Average-Trimmed MIN,-0.8585724245380205,0.1877358847886979
SolventA_3:  Mirror K-mer : DADHH,0.40567210567210565,0.3929265081928911
Disorder_3:  Mirror K-mer : CDCDD,0.10331779331779332,0.1913696046419957
SecondaryStr_3:  Mirror K-mer : CDCDC,0.20987049987049985,0.3084976820019124
SecondaryStr_3:  Mirror K-mer : CCCCC,0.15910644910644908,0.36065030089581046
SecondaryStr_3:  Mirror K-mer : CAADD,0.771994301994302,0.5451962153229294
ofer13:  Mirror K-mer : HI,0.9997746697746697,0.7374534088089029
Disorder_3:  Mirror K-mer : DDCDD,0.02583009583009583,0.0962407417826894
SecondaryStr_3:  Mirror K-mer : AADDD,0.788914788914789,0.6424645697459134
AA: C Frequency,1.641099715099715,1.027256499984218
gg_2 aaScale - Window size:7 Average-Trimmed MIN,-1.078996506331111,0.2670043549376989
SecondaryStr_3:  Mirror K-mer : DCACD,0.2794068894068894,0.3074477156270216
"('Charge', 'Composition:3')",0.12985211085211087,0.031075192477109367
N Entropy,4.997073219142334,0.9662712335050329
Disorder_3:  Mirror K-mer : AAACA,4.12015799015799,1.621986098207391
H Entropy,5.6584331647776365,0.952086054298766
Cysteine window Motif:1,0.0,0.0
"Binary AutoCorrellation (K,R):  Lag:9",0.01930722495802434,0.009011424458292039
"('Secondary Str', 'Distribution3001')",1.3775625485625487,1.0890674380052483
ofer13:  Mirror K-mer : FG,0.9329759129759129,0.676386506924497
Disorder_3:  Mirror K-mer : CDCDC,0.11661745661745662,0.2116794525217255
ofer13:  Mirror K-mer : SS,1.4871587671587672,1.2413580397587949
gg_7 aaScale - Window size:7 Trimmed Average,-0.04441920011701,0.19522157796384923
SecondaryStr_3:  Mirror K-mer : DACCD,0.50998963998964,0.505033713678327
"('Hydrophobicity', 'Transitions:13')",0.20206915306915307,0.03806094070688514
gg_8 aaScale - Window size:7 Average-Trimmed MIN,-1.2784783107635465,0.23528678472340805
Disorder_3:  Mirror K-mer : AAAAD,1.445962185962186,0.9520361840534188
"('Solvent Accessibility', 'Distribution3025')",22.42298342398342,4.787692066457129
SolventA_3:  Mirror K-mer : DAAHD,0.9676793576793576,0.586282059209778
SecondaryStr_3:  Mirror K-mer : CAADC,0.8460916860916862,0.5456854203387214
hp aaScale - Window size:16 Average-Trimmed MIN,-1.1344104124337928,0.3500372070679274
"('Secondary Str', 'Distribution2001')",1.6798168868168868,1.2500187255307058
"('Normalized VDWV', 'Distribution1100')",99.30434006734008,0.9816162285857277
SecondaryStr_3:  Mirror K-mer : CADCD,0.451983941983942,0.44121644467323684
SolventA_3:  Mirror K-mer : HAADH,0.6126184926184925,0.46876347313166067
gg_10 aaScale - Window size:7 Average-Trimmed MAX,-0.35455421698411743,0.19050636170436236
ofer13:  Mirror K-mer : CN,0.20323491323491324,0.3217257499086534
SecondaryStr_3:  Mirror K-mer : CDACD,0.5222222222222223,0.4371222003160573
"('Charge', 'Composition:2')",0.765939134939135,0.04349705696299461
SecondaryStr_3:  Mirror K-mer : CACDC,0.5604014504014504,0.4759541127777486
"('Hydrophobicity', 'Distribution3025')",23.708553483553484,3.588513661739845
SolventA_3:  Mirror K-mer : DDHHD,0.28975912975912976,0.38990813573191746
SecondaryStr_3:  Mirror K-mer : AADAC,1.2756073556073557,0.6626029801753412
Disorder_3:  Mirror K-mer : DADCD,0.1732375032375032,0.26507085212415427
"('Solvent Accessibility', 'Distribution2075')",76.51290909090908,4.628925828314192
SolventA_3:  Mirror K-mer : DDADH,0.596076146076146,0.4771788190871492
ofer13:  Mirror K-mer : IK,5.657207977207978,1.736403838718059
SecondaryStr_3:  Mirror K-mer : ACAAC,1.4124216524216526,0.9066157113449229
Disorder_3:  Mirror K-mer : ACDAD,0.5026184926184927,0.47002185664478324
Disorder_3:  Mirror K-mer : ADADA,0.21135716135716134,0.2953590295756148
SolventA_3:  Mirror K-mer : DAHHD,0.4985547785547786,0.4240185082384474
"('Charge', 'Distribution3100')",97.40123620823621,4.1466491601458415
ofer13:  Mirror K-mer : CG,0.27219114219114215,0.40285527896885637
SecondaryStr_3:  Mirror K-mer : CCCDC,0.3578347578347578,0.4344071622805462
"('Polarizability', 'Transitions:12')",0.29703703703703704,0.0434778467220077
gg_2 aaScale - Window size:16 Average-Trimmed MIN,-0.6896947239301181,0.2790962937878263
Disorder_3:  Mirror K-mer : DCCDD,0.09906759906759907,0.20386478457600524
SolventA_3:  Mirror K-mer : AHDDD,0.6864775964775964,0.5094027296520638
SolventA_3:  Mirror K-mer : ADDAD,1.3108909608909607,0.9293072414446333
SolventA_3:  Mirror K-mer : DHAHD,0.22567469567469567,0.28193763255378024
gg_11 aaScale - Window size:7 Trimmed Average,-0.09650132584009694,0.2928026482621739
"('Charge', 'Distribution3075')",75.53642061642061,8.115808945088814
SecondaryStr_3:  Mirror K-mer : ADCCC,0.5386609686609687,0.47215783021134233
ofer13:  Mirror K-mer : QW,0.08705775705775706,0.20061352163029958
gg_2 aaScale - Window size:16 MAXIMUM ,0.7051578828998185,0.23474026234370443
"('Polarity', 'Composition:1')",0.34552136752136753,0.04550559018338561
gg_1 aaScale - Window size:7 MAXIMUM ,0.6056055056055056,0.26031392007992904
"('Disorder Propensity', 'Transitions:23')",0.11791530691530692,0.026140453542582036
AA: H Frequency,2.179061642061642,1.0839147075878952
"('Polarizability', 'Distribution2050')",51.2093265993266,4.005252999634226
SolventA_3:  Mirror K-mer : DDDDD,0.3441284641284641,0.877642823851429
ofer13:  Mirror K-mer : FQ,0.536011396011396,0.47861368902821244
ofer13:  Mirror K-mer : IW,0.3850479150479151,0.5047546828474604
"('Secondary Str', 'Distribution1050')",50.72727583527583,3.776229743979406
Disorder_3:  Mirror K-mer : CCACC,0.8101476301476301,0.7121444056194052
hp2: CAAAC,3.662970732970733,1.0396053264742713
gg_3 aaScale - Window size:7 MINIMUM ,-2.326701446701447,0.3829946577757737
ofer13:  Mirror K-mer : KP,0.7081351981351982,0.7431680321543754
"('Normalized VDWV', 'Distribution1075')",72.91898368298368,4.131747725606795
"('Disorder Propensity', 'Composition:1')",0.48336467236467234,0.05028049924501625
"('Charge', 'Distribution1050')",47.166037296037295,9.78300166407758
"('Solvent Accessibility', 'Distribution1075')",73.22928671328671,3.1790909434995376
SecondaryStr_3:  Mirror K-mer : ACADA,1.3249132349132349,0.7618626039394863
SecondaryStr_3:  Mirror K-mer : AAAAC,2.291284641284641,1.1326243301008032
gg_10 aaScale - Window size:7 MAXIMUM ,0.5400159100159101,0.2878786711811087
SecondaryStr_3:  Mirror K-mer : AAADA,2.4206734006734005,1.2041948446232489
ofer_w8: G Entropy,3.123648480810858,0.4038295923014431
Disorder_3:  Mirror K-mer : DCDCD,0.0562937062937063,0.15527975016884885
ofer13:  Mirror K-mer : NN,0.18395752395752396,0.5458787528411418
"('Normalized VDWV', 'Composition:3')",0.2238342398342398,0.03909344331076816
ja aaScale - Window size:16 MINIMUM ,-0.5441433109175045,0.13383882432939664
"('Solvent Accessibility', 'Distribution3100')",98.6952735042735,1.7045921377763977
hp2: ACCAC,1.5356358456358457,0.847909745212701
polarizability aaScale - Window size:16 Average-Trimmed MIN,0.1197843263553838,0.010675805952755819
"('Hydrophobicity', 'Composition:3')",0.31726832426832424,0.04228871798121457
"('Polarizability', 'Transitions:23')",0.19482543382543382,0.03933978698849305
"('Polarizability', 'Distribution3001')",0.352949753949754,0.17351515048215357
SolventA_3:  Mirror K-mer : ADAAH,1.2823051023051022,0.6963731633573045
ofer13:  Mirror K-mer : FH,0.43839937839937837,0.41983269819363533
hp aaScale - Window size:16 MAXIMUM ,0.41767939832455964,0.35092964739256854
ofer13:  Mirror K-mer : AC,0.2215073815073815,0.32420277653145374
gg_6 aaScale - Window size:7 MAXIMUM ,0.8443389943389944,0.2830471701068758
ofer_w8: AA: G Frequency,11.898188034188033,3.191676321525253
"('Polarizability', 'Distribution3050')",49.108804972804975,5.79553834288041
Volume aaScale - Window size:7 Average-Trimmed MAX,79.01773400725615,2.7363375638802836
Disorder_3:  Mirror K-mer : ACCDC,0.6433903133903134,0.5489557605481854
SecondaryStr_3:  Mirror K-mer : ACADC,0.7874436674436673,0.5229125367668263
gg_6 aaScale - Window size:7 MINIMUM ,-1.9043371443371444,0.3062590149685991
SolventA_3:  Mirror K-mer : DAHAH,0.8066537166537165,0.6016306009158311
SubSequence(segment-0)  aaScale:4hw Minimum,-1.7258128413057992,0.3020198098637704
"('Normalized VDWV', 'Distribution1050')",48.33038772338773,4.083262062729706
ofer13:  Mirror K-mer : AW,0.13135457135457135,0.2473343069865959
SecondaryStr_3:  Mirror K-mer : DDDDD,0.2415203315203315,0.6940954539995771
G Entropy,3.806888520604211,0.519285539459447
SubSequence(segment-1)  aaScale:4Atch_4 Minimum,0.28893549069605406,0.07733448375229494
Disorder_3:  Mirror K-mer : CADDC,0.3235042735042736,0.3313219373263915
ja aaScale - Window size:16 Average-Trimmed MAX,-0.16608583042737485,0.078484594697105
"('Polarizability', 'Distribution3025')",22.582656047656048,5.0550664682067215
gg_7 aaScale - Window size:7 MINIMUM ,-2.775773855773856,0.6442972749651612
"Binary AutoCorrellation (K,R):  Lag:6",0.02016878910140027,0.009290171802782847
Disorder_3:  Mirror K-mer : AADDA,0.5138850038850039,0.5303584780504806
gg_8 aaScale - Window size:16 Trimmed Average,-0.010880710670130132,0.21255259827049044
ofer_w8: A Entropy,2.667447547478842,0.3456134175612015
SubSequence(segment-0)  aaScale:4Atch_2 Average,0.8649663047480496,0.06463139644032542
SecondaryStr_3:  Mirror K-mer : AADCA,1.3431364931364933,0.7196761619328654
Net Charge-PH: 6.81,-6.805647389834048,11.6006357576888
gg_9 aaScale - Window size:7 Average-Trimmed MAX,-0.17342168392098437,0.14487037852426166
SubSequence(segment-1)  aaScale:4TOP_IDP Maximum,0.5878512791329693,0.10587771668377396
Mutability aaScale - Window size:7 Average-Trimmed MIN,62.39372233582529,2.9557340881295167
Y Entropy,5.269801447239388,0.6981545368041491
AA: S Frequency,6.21196114996115,2.2892879862778677
gg_10 aaScale - Window size:7 Trimmed Average,-0.11902752591177523,0.20692209207909065
GRAVY,-0.1777984977984978,0.30388287832273
Disorder_3:  Mirror K-mer : AAAAA,2.571877751877752,2.611703208817009
SolventA_3:  Mirror K-mer : AHHDH,0.3259518259518259,0.41755979710629176
gg_1 aaScale - Window size:16 Trimmed Average,-0.07000479924659807,0.2409461628000246
SolventA_3:  Mirror K-mer : HDADH,0.18853405853405855,0.26353812754535555
ja aaScale - Window size:16 MAXIMUM ,0.03132780874716358,0.07807737346304432
"('Solvent Accessibility', 'Distribution1100')",99.39461667961668,0.8284638941467597
hp2: ACCAA,4.035736855736856,1.0644427122478004
ofer_w8: AA: N Frequency,13.977542864542864,3.8847636992825376
AA: D Frequency,5.736560994560995,1.7064552189761182
Disorder_3:  Mirror K-mer : CAADC,1.0107148407148407,0.5695221321061388
ofer13:  Mirror K-mer : FI,2.9765268065268065,1.7043544278298393
Disorder_3:  Mirror K-mer : AAACC,2.8242501942501943,1.1152492429711718
Disorder_3:  Mirror K-mer : CADCC,0.7518751618751618,0.5450338587953648
Disorder_3:  Mirror K-mer : AACDC,1.0368971768971769,0.6593262216911191
SubSequence(segment-1)  aaScale:4Atch_1 Maximum,1.4445014445648248,0.11239884877562119
hp2: CACAC,1.7046671846671846,0.8203972634405455
SecondaryStr_3:  Mirror K-mer : ACACC,0.7008598808598808,0.5213513076734653
hp2: CACCA,1.6802874902874902,0.7934116140764554
Disorder_3:  Mirror K-mer : ADDDC,0.12353017353017352,0.21455397181295854
hp2: AACCA,3.9062807562807564,1.0266822307395744
Disorder_3:  Mirror K-mer : CDCCD,0.208010878010878,0.3482507899147993
Flexibility (B-values):Max,1.0642832075332076,0.00965296236656486
gg_9 aaScale - Window size:16 Average-Trimmed MIN,-0.5777095571496018,0.18331453936292352
SecondaryStr_3:  Mirror K-mer : ACCDC,0.48328671328671324,0.461494366600096
Volume aaScale - Window size:16 Average-Trimmed MIN,73.68829402513593,3.159685387436546
SolventA_3:  Mirror K-mer : AAAHH,0.9695208495208495,0.6897979715368042
Disorder_3:  Mirror K-mer : ACCDD,0.2940688940688941,0.33190150041272487
SolventA_3:  Mirror K-mer : DHDHH,0.2329396529396529,0.33155068583113084
Disorder_3:  Mirror K-mer : AADCA,1.3158663558663557,0.6762557892729318
"('Hydrophobicity', 'Distribution2001')",1.2341295001295,0.961040193553832
ofer13:  Mirror K-mer : FP,0.6210800310800311,0.48735600514398963
hp2: ACCCC,0.5708754208754209,0.6958122488097941
Disorder_3:  Mirror K-mer : CCADD,0.3245273245273245,0.34437631066634694
SolventA_3:  Mirror K-mer : AHAAH,1.016853146853147,0.845385062620034
SubSequence(segment-1)  aaScale:4Atch_4 Average,0.806200296435008,0.08056004129169456
"('Disorder Propensity', 'Distribution3100')",97.88732116032118,2.7760008397799485
gg_7 aaScale - Window size:16 Trimmed Average,-0.07324789421537888,0.19938417394525948
SecondaryStr_3:  Mirror K-mer : AACCD,0.8188215488215488,0.5229918954197393
Net Charge-PH: 7.36,-8.085296934363042,11.636106364748414
gg_7 aaScale - Window size:16 Average-Trimmed MIN,-0.9886395536771694,0.306789417959659
"('Polarity', 'Distribution1050')",49.377950271950276,3.927720732421176
Sequence Length,298.15643615643614,45.099393850790875
"('Polarizability', 'Distribution1025')",23.388221963221962,4.030802332265486
SolventA_3:  Mirror K-mer : HAHDH,0.3705646205646206,0.44902431540705307
SolventA_3:  Mirror K-mer : DHDHD,0.12742812742812742,0.2809382111859601
gg_2 aaScale - Window size:16 MINIMUM ,-1.3446124739673129,0.37728629505157957
SolventA_3:  Mirror K-mer : AHHHD,0.38394716394716394,0.39015422249755494
hp aaScale - Window size:7 MINIMUM ,-2.974444074444074,0.4136628777628747
SolventA_3:  Mirror K-mer : ADDDH,0.7016265216265217,0.5037387761358048
ofer13:  Mirror K-mer : AF,0.9596684796684796,0.6836655579250536
ASAInTripeptide aaScale - Window size:16 MINIMUM ,132.59015839661,7.326768343455118
ofer13:  Mirror K-mer : CF,0.31270137270137266,0.3194901422059476
gg_5 aaScale - Window size:7 Average-Trimmed MIN,-1.2224742010069536,0.37622477847716734
SecondaryStr_3:  Mirror K-mer : CDADD,0.4747008547008546,0.4182061627756987
gg_8 aaScale - Window size:16 Average-Trimmed MAX,-0.2216864892231859,0.21221305722177955
gg_6 aaScale - Window size:7 Average-Trimmed MIN,-1.099101670264503,0.18907298454972843
SolventA_3:  Mirror K-mer : AADHA,1.2104584304584305,0.6851016573516707
SecondaryStr_3:  Mirror K-mer : ACDAC,0.702983682983683,0.5060175134305919
ofer13:  Mirror K-mer : QS,0.8727738927738927,0.6679861052686727
SecondaryStr_3:  Mirror K-mer : CCDCC,0.1868272468272468,0.2919100144887594
"('Polarity', 'Composition:2')",0.32095959595959594,0.05209777952747909
SubSequence(segment-0)  aaScale:4Atch_5 Minimum,0.42039927443448566,0.15234254206694078
SolventA_3:  Mirror K-mer : ADAAD,1.7358300958300958,1.0019047728850163
"('Hydrophobicity', 'Distribution1001')",1.279851074851075,1.035253096184356
SecondaryStr_3:  Mirror K-mer : CCAAD,0.7726314426314427,0.5242863860456578
SolventA_3:  Mirror K-mer : AAAAH,1.9277078477078475,1.3517228748888785
ofer13:  Mirror K-mer : PW,0.07622118622118622,0.18240342472583632
SecondaryStr_3:  Mirror K-mer : CACCC,0.49154105154105154,0.5147331872074858
Disorder_3:  Mirror K-mer : CDDAD,0.12992229992229992,0.2173374808869482
"('Solvent Accessibility', 'Transitions:23')",0.136015799015799,0.033055054560959134
SecondaryStr_3:  Mirror K-mer : DAADD,0.69002072002072,0.5918223688104375
ofer_w8: AA: A Frequency,16.165306656306658,3.5728970191256666
ofer13:  Mirror K-mer : GG,0.6108313908313908,0.9294449794140299
gg_9 aaScale - Window size:16 Average-Trimmed MAX,-0.10478367865268487,0.1461880753967051
SubSequence(segment-1)  aaScale:4Atch_2 Maximum,1.5886579627988078,0.13592151159097426
hp2: CAAAA,6.333895363895364,1.181131399983376
Disorder_3:  Mirror K-mer : ADDCC,0.2537632737632738,0.3151872034644143
SecondaryStr_3:  Mirror K-mer : DDCDD,0.15214711214711216,0.27207715420449335
anyDISORDER_5,0.8114478114478114,0.39115247761501976
AutoCorrelation: MAX,0.0,0.0
